route,category,count,total_delay_min,mean_delay_min
29 DUFFERIN,Operations,372,24789,66.63709677419355
97 YONGE,Operations,222,17351,78.15765765765765
63 OSSINGTON,Operations,384,14932,38.885416666666664
64 MAIN,Operations,191,13192,69.06806282722513
52 LAWRENCE WEST,Operations,441,12171,27.598639455782312
94 WELLESLEY,Operations,192,11170,58.177083333333336
102 MARKHAM ROAD,Operations,308,11030,35.811688311688314
47 LANSDOWNE,Operations,310,10925,35.24193548387097
52 LAWRENCE WEST,Equipment,576,10471,18.178819444444443
75 SHERBOURNE,Operations,199,10214,51.32663316582914
162 LAWRENCE-DONWAY,Operations,39,9940,254.87179487179486
32 EGLINTON WEST,Operations,447,9908,22.165548098434005
54 LAWRENCE EAST,Operations,324,9888,30.51851851851852
96 WILSON,Operations,247,8765,35.48582995951417
129 MCCOWAN NORTH,Operations,136,8617,63.36029411764706
86 SCARBOROUGH,Operations,194,8206,42.29896907216495
160 BATHURST NORTH,Operations,83,8180,98.55421686746988
35 JANE,Operations,258,8161,31.631782945736433
53 STEELES EAST,Operations,264,7982,30.234848484848484
102 MARKHAM ROAD,Equipment,521,7935,15.230326295585412
19 BAY,Operations,86,7915,92.03488372093024
161 ROGERS ROAD,Operations,112,7887,70.41964285714286
13 AVENUE ROAD,Operations,56,7874,140.60714285714286
88 SOUTH LEASIDE,Operations,77,7803,101.33766233766234
165 WESTON ROAD NORTH,Operations,243,7659,31.51851851851852
121 ESPLANADE-RIVER,Operations,90,7445,82.72222222222223
43 KENNEDY,Operations,251,7385,29.422310756972113
939 FINCH EXPRESS,Operations,267,7149,26.775280898876403
68 WARDEN,Operations,153,6974,45.58169934640523
134 PROGRESS,Operations,76,6909,90.90789473684211
72 PAPE,Operations,187,6816,36.44919786096256
24 VICTORIA PARK,Operations,233,6723,28.854077253218883
37 ISLINGTON,Operations,162,6639,40.98148148148148
42 CUMMER,Operations,102,6334,62.09803921568628
7 BATHURST,Operations,248,6312,25.451612903225808
85 SHEPPARD EAST,Equipment,454,6266,13.801762114537445
32 EGLINTON WEST,Equipment,519,6213,11.971098265895954
133 NEILSON,Operations,145,6159,42.47586206896552
39 FINCH EAST,Operations,153,6128,40.052287581699346
86 SCARBOROUGH,Equipment,398,6091,15.304020100502512
939 FINCH EXPRESS,Equipment,475,6084,12.808421052631578
97 YONGE,Transportation,193,6030,31.243523316062177
107 YORK UNIVERSITY HE,Operations,44,6022,136.86363636363637
34 EGLINTON EAST,Operations,232,6016,25.93103448275862
59 MAPLE LEAF,Operations,64,5952,93.0
127 DAVENPORT,Operations,59,5952,100.88135593220339
77 SWANSEA,Operations,31,5879,189.6451612903226
52 LAWRENCE WEST,Transportation,298,5878,19.7248322147651
12 KINGSTON ROAD,Operations,126,5844,46.38095238095238
85 SHEPPARD EAST,Operations,214,5833,27.257009345794394
96 WILSON,Equipment,356,5751,16.15449438202247
26 DUPONT,Operations,81,5628,69.48148148148148
929 DUFFERIN EXPRESS,Operations,197,5603,28.441624365482234
116 MORNINGSIDE,Operations,192,5553,28.921875
73 ROYAL YORK,Operations,105,5509,52.46666666666667
154 CURRAN HALL,Operations,70,5471,78.15714285714286
95 YORK MILLS,Equipment,465,5440,11.698924731182796
38 HIGHLAND CREEK,Operations,131,5402,41.23664122137404
84 SHEPPARD WEST,Operations,167,5279,31.610778443113773
32 EGLINTON WEST,Transportation,430,5259,12.230232558139535
108 DRIFTWOOD,Operations,90,5028,55.86666666666667
45 KIPLING,Operations,138,4990,36.15942028985507
168 SYMINGTON,Operations,100,4987,49.87
33 FOREST HILL,Operations,35,4979,142.25714285714287
7 BATHURST,Equipment,487,4952,10.168377823408624
80 QUEENSWAY,Operations,84,4840,57.61904761904762
110 ISLINGTON SOUTH,Operations,94,4738,50.40425531914894
131 NUGGET,Operations,100,4693,46.93
71 RUNNYMEDE,Operations,70,4686,66.94285714285714
36 FINCH WEST,Operations,237,4646,19.60337552742616
927 HIGHWAY 27 EXPRESS,Operations,100,4599,45.99
82 ROSEDALE,Operations,29,4583,158.0344827586207
21 BRIMLEY,Operations,103,4568,44.349514563106794
87 COSBURN,Operations,46,4556,99.04347826086956
95 YORK MILLS,Operations,187,4545,24.3048128342246
57 MIDLAND,Operations,82,4505,54.9390243902439
41 KEELE,Operations,157,4492,28.611464968152866
54 LAWRENCE EAST,Transportation,325,4481,13.787692307692307
14 GLENCAIRN,Operations,54,4430,82.03703703703704
104 FAYWOOD,Operations,37,4359,117.8108108108108
17 BIRCHMOUNT,Operations,109,4344,39.85321100917431
905 EGLINTON EAST EXPR,Operations,81,4323,53.370370370370374
38 HIGHLAND CREEK,Equipment,317,4309,13.593059936908517
37 ISLINGTON,Equipment,237,4260,17.974683544303797
903 KENNEDY SCARBOROUG,Operations,104,4253,40.89423076923077
123 SHERWAY,Operations,106,4188,39.509433962264154
102 MARKHAM ROAD,Transportation,248,4094,16.508064516129032
31 GREENWOOD,Operations,70,4066,58.08571428571429
112 WEST MALL,Operations,91,4051,44.51648351648352
996 WILSON EXPRESS,Operations,135,3975,29.444444444444443
133 NEILSON,Equipment,275,3920,14.254545454545454
300 BLOOR-DANFORTH,Operations,115,3862,33.582608695652176
51 LESLIE,Operations,85,3843,45.21176470588235
36 FINCH WEST,Equipment,500,3834,7.668
54 LAWRENCE EAST,Equipment,294,3786,12.877551020408163
129 MCCOWAN NORTH,Equipment,207,3775,18.23671497584541
89 WESTON,Operations,192,3738,19.46875
29 DUFFERIN,Transportation,319,3738,11.717868338557993
40 JUNCTION-DUNDAS WES,Operations,98,3718,37.93877551020408
118 THISTLE DOWN,Operations,56,3700,66.07142857142857
20 CLIFFSIDE,Operations,66,3689,55.89393939393939
76 ROYAL YORK SOUTH,Operations,73,3673,50.31506849315068
39 FINCH EAST,Equipment,232,3618,15.594827586206897
109 RANEE,Operations,43,3592,83.53488372093024
11 BAYVIEW,Operations,97,3519,36.27835051546392
56 LEASIDE,Operations,83,3489,42.036144578313255
84 SHEPPARD WEST,Equipment,288,3478,12.07638888888889
97 YONGE,Equipment,106,3443,32.4811320754717
116 MORNINGSIDE,Equipment,401,3438,8.57356608478803
165 WESTON ROAD NORTH,Equipment,414,3433,8.292270531400966
12 KINGSTON ROAD,Equipment,148,3412,23.054054054054053
53 STEELES EAST,Equipment,295,3396,11.511864406779662
62 MORTIMER,Operations,63,3350,53.17460317460318
904 SHEPPARD-KENNEDY E,Operations,122,3341,27.385245901639344
904 SHEPPARD-KENNEDY E,Equipment,246,3339,13.573170731707316
29 DUFFERIN,Equipment,306,3332,10.88888888888889
44 KIPLING SOUTH,Operations,133,3322,24.977443609022558
55 WARREN PARK,Operations,24,3317,138.20833333333334
35 JANE,Equipment,265,3289,12.41132075471698
126 CHRISTIE,Operations,41,3278,79.95121951219512
8 BROADVIEW,Operations,65,3251,50.01538461538462
25 DON MILLS,Operations,244,3248,13.311475409836065
131 NUGGET,Equipment,217,3243,14.944700460829493
34 EGLINTON EAST,Transportation,286,3237,11.318181818181818
925 DON MILLS EXPRESS,Operations,172,3226,18.75581395348837
37 ISLINGTON,Transportation,169,3196,18.911242603550296
68 WARDEN,Equipment,166,3150,18.97590361445783
902 MARKHAM RD EXPRESS,Operations,67,3137,46.82089552238806
65 PARLIAMENT,Operations,97,3115,32.11340206185567
939 FINCH EXPRESS,Transportation,228,3105,13.618421052631579
24 VICTORIA PARK,Equipment,248,3032,12.225806451612904
130 MIDDLEFIELD,Operations,80,3023,37.7875
67 PHARMACY,Operations,69,3001,43.492753623188406
960 STEELES WEST EXPRE,Operations,136,3000,22.058823529411764
9 BELLAMY,Operations,66,2947,44.65151515151515
927 HIGHWAY 27 EXPRESS,Equipment,281,2930,10.427046263345195
43 KENNEDY,Equipment,245,2920,11.918367346938776
129 MCCOWAN NORTH,Transportation,153,2877,18.80392156862745
79 SCARLETT ROAD,Operations,67,2872,42.865671641791046
47 LANSDOWNE,Transportation,182,2867,15.752747252747254
96 WILSON,Transportation,177,2857,16.141242937853107
16 MCCOWAN,Operations,106,2839,26.78301886792453
110 ISLINGTON SOUTH,Equipment,135,2830,20.962962962962962
69 WARDEN SOUTH,Operations,68,2801,41.19117647058823
22 COXWELL,Operations,72,2771,38.486111111111114
989 WESTON EXPRESS,Operations,55,2711,49.29090909090909
68 WARDEN,Transportation,127,2709,21.330708661417322
123 SHERWAY,Equipment,162,2693,16.623456790123456
91 WOODBINE,Operations,46,2682,58.30434782608695
12 KINGSTON ROAD,Transportation,115,2661,23.139130434782608
28 BAYVIEW SOUTH,Operations,14,2660,190.0
25 DON MILLS,Transportation,274,2657,9.697080291970803
39 FINCH EAST,Transportation,163,2645,16.226993865030675
90 VAUGHAN,Operations,100,2577,25.77
108 DRIFTWOOD,Equipment,150,2575,17.166666666666668
903 KENNEDY SCARBOROUG,Equipment,220,2559,11.631818181818181
86 SCARBOROUGH,Transportation,156,2509,16.083333333333332
74 MOUNT PLEASANT,Operations,22,2506,113.9090909090909
73 ROYAL YORK,Equipment,120,2495,20.791666666666668
100 FLEMINGDON PARK,Operations,148,2489,16.81756756756757
34 EGLINTON EAST,Equipment,204,2477,12.142156862745098
110 ISLINGTON SOUTH,Transportation,110,2467,22.427272727272726
113 DANFORTH,Operations,65,2458,37.815384615384616
46 MARTIN GROVE,Operations,58,2352,40.55172413793103
85 SHEPPARD EAST,Transportation,166,2347,14.13855421686747
101 DOWNSVIEW PARK,Operations,25,2339,93.56
24 VICTORIA PARK,Transportation,179,2335,13.044692737430168
40 JUNCTION-DUNDAS WES,Equipment,96,2333,24.302083333333332
135 GERRARD,Operations,28,2316,82.71428571428571
41 KEELE,Equipment,207,2315,11.183574879227054
53 STEELES EAST,Transportation,182,2314,12.714285714285714
112 WEST MALL,Equipment,114,2311,20.271929824561404
106 SENTINEL,Operations,40,2306,57.65
320 YONGE,Operations,82,2290,27.926829268292682
60 STEELES WEST,Operations,130,2283,17.56153846153846
35 JANE,Transportation,184,2283,12.407608695652174
94 WELLESLEY,Transportation,130,2255,17.346153846153847
63 OSSINGTON,Transportation,241,2245,9.315352697095436
47 LANSDOWNE,Equipment,165,2244,13.6
38 HIGHLAND CREEK,Transportation,155,2240,14.451612903225806
169 HUNTINGWOOD,Equipment,74,2198,29.7027027027027
122 GRAYDON HALL,Operations,51,2186,42.86274509803921
92 WOODBINE SOUTH,Operations,56,2185,39.017857142857146
70 O'CONNOR,Operations,65,2184,33.6
996 WILSON EXPRESS,Equipment,219,2176,9.93607305936073
95 YORK MILLS,Transportation,183,2164,11.825136612021858
29C DUFFERIN,Operations,5,2134,426.8
80 QUEENSWAY,Equipment,98,2132,21.755102040816325
41 KEELE,Transportation,200,2126,10.63
7 BATHURST,Transportation,207,2126,10.270531400966183
112 WEST MALL,Transportation,103,2121,20.59223300970874
21 BRIMLEY,Equipment,114,2115,18.55263157894737
995 YORK MILLS EXPRESS,Equipment,197,2106,10.690355329949238
960 STEELES WEST EXPRE,Equipment,226,2093,9.261061946902656
89 WESTON,Transportation,201,2084,10.368159203980099
114 QUEENS QUAY EAST,Operations,73,2062,28.246575342465754
334 EGLINTON EAST,Operations,23,2043,88.82608695652173
117 BIRCHMOUNT SOUTH,Operations,10,2041,204.1
69 WARDEN SOUTH,Transportation,97,2035,20.97938144329897
43 KENNEDY,Transportation,163,2034,12.478527607361963
66 PRINCE EDWARD,Operations,31,2028,65.41935483870968
79 SCARLETT ROAD,Transportation,100,2005,20.05
167 PHARMACY NORTH,Operations,30,1973,65.76666666666667
11 BAYVIEW,Transportation,93,1964,21.118279569892472
109 RANEE,Transportation,58,1957,33.741379310344826
73 ROYAL YORK,Transportation,91,1940,21.318681318681318
935 JANE EXPRESS,Operations,101,1937,19.178217821782177
63 OSSINGTON,Equipment,218,1922,8.81651376146789
123 SHERWAY,Transportation,104,1920,18.46153846153846
100 FLEMINGDON PARK,Transportation,224,1919,8.566964285714286
69 WARDEN SOUTH,Equipment,97,1915,19.742268041237114
929 DUFFERIN EXPRESS,Transportation,215,1903,8.851162790697675
902 MARKHAM RD EXPRESS,Equipment,155,1873,12.083870967741936
161 ROGERS ROAD,Transportation,101,1863,18.445544554455445
169 HUNTINGWOOD,Operations,41,1812,44.19512195121951
52 LAWRENCE WEST,Safety/Security,102,1812,17.764705882352942
119 TORBARRIE,Operations,24,1811,75.45833333333333
45 KIPLING,Equipment,136,1805,13.272058823529411
88 SOUTH LEASIDE,Transportation,78,1790,22.94871794871795
19 BAY,Transportation,72,1786,24.805555555555557
924 VICTORIA PARK EXPR,Operations,105,1785,17.0
324 VICTORIA PARK,Operations,12,1783,148.58333333333334
42 CUMMER,Equipment,131,1748,13.34351145038168
9 BELLAMY,Equipment,84,1715,20.416666666666668
25 DON MILLS,Equipment,195,1711,8.774358974358975
40 JUNCTION-DUNDAS WES,Transportation,71,1705,24.014084507042252
995 YORK MILLS EXPRESS,Operations,72,1704,23.666666666666668
130 MIDDLEFIELD,Equipment,67,1693,25.26865671641791
61 AVENUE ROAD NORTH,Operations,30,1688,56.266666666666666
98 WILLOWDALE-SENLAC,Operations,37,1683,45.486486486486484
116 MORNINGSIDE,Transportation,196,1658,8.459183673469388
21 BRIMLEY,Transportation,83,1654,19.927710843373493
302 KINGSTON ROAD-MCCO,Operations,15,1634,108.93333333333334
122 GRAYDON HALL,Equipment,99,1633,16.494949494949495
36 FINCH WEST,Transportation,205,1628,7.941463414634146
165 WESTON ROAD NORTH,Transportation,185,1622,8.767567567567568
169 HUNTINGWOOD,Transportation,56,1610,28.75
84 SHEPPARD WEST,Transportation,138,1605,11.630434782608695
46 MARTIN GROVE,Equipment,97,1594,16.432989690721648
14 GLENCAIRN,Transportation,62,1586,25.580645161290324
44 KIPLING SOUTH,Equipment,186,1579,8.489247311827956
23 DAWES,Operations,64,1576,24.625
354 LAWRENCE EAST,Operations,13,1572,120.92307692307692
935 JANE EXPRESS,Equipment,145,1547,10.668965517241379
11 BAYVIEW,Equipment,68,1535,22.573529411764707
134 PROGRESS,Equipment,97,1534,15.814432989690722
45 KIPLING,Transportation,112,1512,13.5
89 WESTON,Equipment,148,1503,10.155405405405405
60 STEELES WEST,Equipment,156,1491,9.557692307692308
59 MAPLE LEAF,Transportation,51,1485,29.11764705882353
343 KENNEDY,Operations,18,1482,82.33333333333333
925 DON MILLS EXPRESS,Transportation,131,1480,11.297709923664122
905 EGLINTON EAST EXPR,Equipment,127,1479,11.645669291338583
984 SHEPPARD WEST EXPR,Operations,51,1477,28.96078431372549
59 MAPLE LEAF,Equipment,54,1468,27.185185185185187
133 NEILSON,Transportation,110,1460,13.272727272727273
929 DUFFERIN EXPRESS,Equipment,173,1450,8.38150289017341
64 MAIN,Transportation,124,1447,11.669354838709678
51 LESLIE,Transportation,57,1442,25.29824561403509
336 FINCH WEST,Operations,18,1415,78.61111111111111
26 DUPONT,Equipment,57,1408,24.70175438596491
17 BIRCHMOUNT,Equipment,83,1402,16.89156626506024
130 MIDDLEFIELD,Transportation,55,1380,25.09090909090909
64 MAIN,Equipment,123,1373,11.16260162601626
8 BROADVIEW,Transportation,64,1365,21.328125
121 ESPLANADE-RIVER,Transportation,73,1358,18.602739726027398
325 DON MILLS,Operations,13,1354,104.15384615384616
83 JONES,Operations,41,1353,33.0
904 SHEPPARD-KENNEDY E,Transportation,94,1353,14.393617021276595
15 EVANS,Operations,36,1347,37.416666666666664
185 SHEPPARD CENTRAL,Operations,50,1344,26.88
72 PAPE,Transportation,148,1333,9.006756756756756
996 WILSON EXPRESS,Transportation,129,1328,10.294573643410853
94 WELLESLEY,Equipment,82,1325,16.158536585365855
91 WOODBINE,Transportation,58,1319,22.74137931034483
154 CURRAN HALL,Transportation,58,1314,22.655172413793103
67 PHARMACY,Transportation,83,1308,15.759036144578314
9 BELLAMY,Transportation,64,1305,20.390625
80 QUEENSWAY,Transportation,60,1294,21.566666666666666
54 LAWRENCE EAST,Safety/Security,61,1290,21.147540983606557
62 MORTIMER,Transportation,63,1286,20.41269841269841
20 CLIFFSIDE,Equipment,75,1284,17.12
72 PAPE,Equipment,156,1272,8.153846153846153
57 MIDLAND,Equipment,103,1266,12.29126213592233
43 KENNEDY,Safety/Security,31,1248,40.25806451612903
16 MCCOWAN,Equipment,111,1247,11.234234234234235
26 DUPONT,Transportation,49,1246,25.428571428571427
960 STEELES WEST EXPRE,Transportation,129,1242,9.627906976744185
20 CLIFFSIDE,Transportation,66,1241,18.803030303030305
120 CALVINGTON,Operations,25,1232,49.28
118 THISTLE DOWN,Equipment,51,1229,24.098039215686274
122 GRAYDON HALL,Transportation,75,1229,16.386666666666667
968 WARDEN EXPRESS,Operations,39,1223,31.358974358974358
104 FAYWOOD,Equipment,48,1217,25.354166666666668
14 GLENCAIRN,Equipment,48,1216,25.333333333333332
97 YONGE,Safety/Security,35,1203,34.371428571428574
149 ETOBICOKE-BLOOR,Operations,47,1200,25.53191489361702
78 ST. ANDREWS,Equipment,55,1196,21.745454545454546
111 EAST MALL,Equipment,93,1191,12.806451612903226
51 LESLIE,Equipment,46,1169,25.41304347826087
903 KENNEDY SCARBOROUG,Transportation,101,1161,11.495049504950495
134 PROGRESS,Transportation,73,1158,15.863013698630137
Unknown,Operations,40,1153,28.825
322 COXWELL,Operations,18,1145,63.611111111111114
98 WILLOWDALE-SENLAC,Transportation,48,1143,23.8125
104 FAYWOOD,Transportation,44,1131,25.704545454545453
79 SCARLETT ROAD,Equipment,67,1123,16.761194029850746
76 ROYAL YORK SOUTH,Equipment,96,1121,11.677083333333334
78 ST. ANDREWS,Operations,31,1117,36.03225806451613
108 DRIFTWOOD,Transportation,63,1116,17.714285714285715
17 BIRCHMOUNT,Transportation,58,1097,18.913793103448278
113 DANFORTH,Equipment,56,1095,19.553571428571427
8 BROADVIEW,Equipment,52,1093,21.01923076923077
985 SHEPPARD EAST EXPR,Equipment,89,1092,12.269662921348315
953 STEELES EAST EXPRE,Operations,19,1092,57.473684210526315
168 SYMINGTON,Equipment,84,1088,12.952380952380953
124 SUNNYBROOK,Operations,48,1084,22.583333333333332
307 BATHURST,Operations,21,1078,51.333333333333336
120 CALVINGTON,Equipment,40,1078,26.95
106 SENTINEL,Equipment,68,1071,15.75
75 SHERBOURNE,Equipment,98,1071,10.928571428571429
161 ROGERS ROAD,Equipment,56,1058,18.892857142857142
202 CHERRY BEACH,Operations,19,1054,55.473684210526315
75 SHERBOURNE,Transportation,97,1052,10.845360824742269
185 SHEPPARD CENTRAL,Transportation,41,1039,25.341463414634145
925 DON MILLS EXPRESS,Equipment,92,1035,11.25
945 KIPLING EXPRESS,Transportation,70,1031,14.728571428571428
13 AVENUE ROAD,Transportation,44,1026,23.318181818181817
131 NUGGET,Transportation,72,1026,14.25
100 FLEMINGDON PARK,Equipment,125,1026,8.208
98 WILLOWDALE-SENLAC,Equipment,47,1018,21.659574468085108
107 YORK UNIVERSITY HE,Transportation,36,1017,28.25
154 CURRAN HALL,Equipment,45,1011,22.466666666666665
71 RUNNYMEDE,Equipment,78,996,12.76923076923077
900 AIRPORT EXPRESS,Operations,47,995,21.170212765957448
162 LAWRENCE-DONWAY,Transportation,29,987,34.03448275862069
19 BAY,Equipment,40,982,24.55
329 DUFFERIN,Operations,15,978,65.2
56 LEASIDE,Transportation,55,978,17.78181818181818
149 ETOBICOKE-BLOOR,Equipment,41,976,23.804878048780488
160 BATHURST NORTH,Transportation,42,976,23.238095238095237
46 MARTIN GROVE,Transportation,57,971,17.035087719298247
300 BLOOR-DANFORTH,Safety/Security,57,966,16.94736842105263
320 YONGE,Safety/Security,97,964,9.938144329896907
160 BATHURST NORTH,Equipment,40,935,23.375
29 DUFFERIN,Safety/Security,75,931,12.413333333333334
995 YORK MILLS EXPRESS,Transportation,82,925,11.28048780487805
48 RATHBURN,Operations,16,924,57.75
107 YORK UNIVERSITY HE,Equipment,39,923,23.666666666666668
35 JANE,Safety/Security,72,920,12.777777777777779
105 DUFFERIN NORTH,Operations,32,917,28.65625
126 CHRISTIE,Transportation,38,915,24.07894736842105
935 JANE EXPRESS,Transportation,82,909,11.085365853658537
109 RANEE,Equipment,30,908,30.266666666666666
984 SHEPPARD WEST EXPR,Equipment,80,906,11.325
66 PRINCE EDWARD,Equipment,44,893,20.295454545454547
927 HIGHWAY 27 EXPRESS,Transportation,85,893,10.505882352941176
31 GREENWOOD,Transportation,68,893,13.132352941176471
30 HIGH PARK NORTH,Operations,15,890,59.333333333333336
989 WESTON EXPRESS,Equipment,57,890,15.614035087719298
57 MIDLAND,Transportation,67,886,13.223880597014926
56 LEASIDE,Equipment,45,885,19.666666666666668
60 STEELES WEST,Transportation,89,885,9.9438202247191
32 EGLINTON WEST,Safety/Security,70,877,12.528571428571428
952 LAWRENCE WEST EXPR,Equipment,75,866,11.546666666666667
111 EAST MALL,Operations,47,863,18.361702127659573
105 DUFFERIN NORTH,Equipment,55,862,15.672727272727272
62 MORTIMER,Equipment,44,857,19.477272727272727
65 PARLIAMENT,Transportation,73,857,11.73972602739726
900 AIRPORT EXPRESS,Equipment,86,856,9.953488372093023
121 ESPLANADE-RIVER,Equipment,46,856,18.608695652173914
50 BURNHAMTHORPE,Operations,27,853,31.59259259259259
67 PHARMACY,Equipment,61,850,13.934426229508198
168 SYMINGTON,Transportation,67,849,12.671641791044776
385 SHEPPARD EAST,Operations,9,834,92.66666666666667
96 WILSON,Safety/Security,52,827,15.903846153846153
113 DANFORTH,Transportation,42,824,19.61904761904762
114 QUEENS QUAY EAST,Equipment,73,818,11.205479452054794
924 VICTORIA PARK EXPR,Equipment,72,818,11.36111111111111
989 WESTON EXPRESS,Transportation,51,818,16.03921568627451
300 BLOOR-DANFORTH,Transportation,46,811,17.630434782608695
101 DOWNSVIEW PARK,Transportation,27,810,30.0
15 EVANS,Equipment,37,801,21.64864864864865
985 SHEPPARD EAST EXPR,Operations,35,799,22.82857142857143
954 LAWRENCE EAST EXPR,Operations,26,789,30.346153846153847
149 ETOBICOKE-BLOOR,Transportation,30,788,26.266666666666666
132 MILNER,Operations,25,780,31.2
16 MCCOWAN,Transportation,69,777,11.26086956521739
91 WOODBINE,Equipment,36,772,21.444444444444443
78 ST. ANDREWS,Transportation,35,768,21.942857142857143
42 CUMMER,Transportation,56,767,13.696428571428571
902 MARKHAM RD EXPRESS,Transportation,63,765,12.142857142857142
114 QUEENS QUAY EAST,Transportation,68,761,11.191176470588236
111 EAST MALL,Transportation,56,759,13.553571428571429
162 LAWRENCE-DONWAY,Equipment,26,755,29.03846153846154
952 LAWRENCE WEST EXPR,Operations,41,752,18.341463414634145
30 HIGH PARK NORTH,Transportation,29,740,25.517241379310345
31 GREENWOOD,Equipment,54,736,13.62962962962963
167 PHARMACY NORTH,Equipment,25,733,29.32
124 SUNNYBROOK,Equipment,51,725,14.215686274509803
50 BURNHAMTHORPE,Equipment,41,723,17.634146341463413
118 THISTLE DOWN,Transportation,29,721,24.862068965517242
70 O'CONNOR,Transportation,62,721,11.629032258064516
127 DAVENPORT,Transportation,28,717,25.607142857142858
127 DAVENPORT,Equipment,31,716,23.096774193548388
938 HIGHLAND CREEK EXP,Operations,3,713,237.66666666666666
185 SHEPPARD CENTRAL,Equipment,35,708,20.228571428571428
102 MARKHAM ROAD,Safety/Security,43,701,16.302325581395348
75 SHERBOURNE,Safety/Security,61,698,11.442622950819672
189 STOCKYARDS,Operations,9,693,77.0
70 O'CONNOR,Equipment,57,687,12.052631578947368
15 EVANS,Transportation,27,679,25.14814814814815
986 SCARBOROUGH EXPRES,Operations,46,675,14.673913043478262
363 OSSINGTON,Operations,13,673,51.76923076923077
66 PRINCE EDWARD,Transportation,33,672,20.363636363636363
353 STEELES,Operations,14,670,47.857142857142854
68 WARDEN,Safety/Security,31,665,21.451612903225808
47 LANSDOWNE,Safety/Security,43,663,15.418604651162791
88 SOUTH LEASIDE,Equipment,34,662,19.470588235294116
12 KINGSTON ROAD,Safety/Security,31,660,21.29032258064516
33 FOREST HILL,Transportation,28,660,23.571428571428573
76 ROYAL YORK SOUTH,Transportation,56,656,11.714285714285714
905 EGLINTON EAST EXPR,Transportation,58,654,11.275862068965518
986 SCARBOROUGH EXPRES,Equipment,74,648,8.756756756756756
36 FINCH WEST,Safety/Security,76,644,8.473684210526315
352 LAWRENCE WEST,Operations,12,644,53.666666666666664
23 DAWES,Equipment,59,641,10.864406779661017
332 EGLINTON WEST,Operations,11,640,58.18181818181818
44 KIPLING SOUTH,Transportation,74,639,8.635135135135135
119 TORBARRIE,Equipment,33,638,19.333333333333332
952 LAWRENCE WEST EXPR,Transportation,55,636,11.563636363636364
99 ARROW ROAD,Operations,12,634,52.833333333333336
941 KEELE EXPRESS,Operations,28,633,22.607142857142858
945 KIPLING EXPRESS,Operations,31,631,20.35483870967742
135 GERRARD,Equipment,30,630,21.0
92 WOODBINE SOUTH,Transportation,41,623,15.195121951219512
65 PARLIAMENT,Equipment,54,620,11.481481481481481
945 KIPLING EXPRESS,Equipment,62,612,9.870967741935484
941 KEELE EXPRESS,Transportation,43,605,14.069767441860465
86 SCARBOROUGH,Safety/Security,41,596,14.536585365853659
95 YORK MILLS,Safety/Security,45,593,13.177777777777777
120 CALVINGTON,Transportation,23,591,25.695652173913043
39 FINCH EAST,Safety/Security,38,587,15.447368421052632
13 AVENUE ROAD,Equipment,26,584,22.46153846153846
53 STEELES EAST,Safety/Security,48,583,12.145833333333334
94 WELLESLEY,Safety/Security,38,582,15.31578947368421
50 BURNHAMTHORPE,Transportation,34,579,17.029411764705884
106 SENTINEL,Transportation,34,577,16.970588235294116
23 DAWES,Transportation,53,577,10.88679245283019
105 DUFFERIN NORTH,Transportation,31,576,18.580645161290324
924 VICTORIA PARK EXPR,Transportation,52,572,11.0
939 FINCH EXPRESS,Safety/Security,40,571,14.275
37 ISLINGTON,Safety/Security,28,564,20.142857142857142
116 MORNINGSIDE,Safety/Security,58,563,9.706896551724139
61 AVENUE ROAD NORTH,Transportation,29,561,19.344827586206897
162,Operations,1,557,557.0
83 JONES,Transportation,32,550,17.1875
7 BATHURST,Safety/Security,51,549,10.764705882352942
34 EGLINTON EAST,Safety/Security,42,546,13.0
937 ISLINGTON EXPRESS,Equipment,44,543,12.340909090909092
22 COXWELL,Equipment,53,543,10.245283018867925
85 SHEPPARD EAST,Safety/Security,38,539,14.18421052631579
48 RATHBURN,Equipment,22,539,24.5
900 AIRPORT ROCKET,Operations,23,527,22.91304347826087
900 AIRPORT EXPRESS,Transportation,51,520,10.196078431372548
30 HIGH PARK NORTH,Equipment,22,520,23.636363636363637
71 RUNNYMEDE,Transportation,39,520,13.333333333333334
124 SUNNYBROOK,Transportation,40,519,12.975
103 MT. PLEASANT NORTH,Operations,6,518,86.33333333333333
335 JANE,Operations,16,515,32.1875
101 DOWNSVIEW PARK,Equipment,20,511,25.55
48 RATHBURN,Transportation,20,510,25.5
93 PARKVIEW HILLS,Transportation,19,507,26.68421052631579
61 AVENUE ROAD NORTH,Equipment,27,505,18.703703703703702
396 WILSON,Operations,14,504,36.0
125 DREWRY,Transportation,34,498,14.647058823529411
941 KEELE EXPRESS,Equipment,34,491,14.441176470588236
937 ISLINGTON EXPRESS,Operations,25,490,19.6
89 WESTON,Safety/Security,47,484,10.297872340425531
300 BLOOR-DANFORTH,Equipment,35,484,13.82857142857143
119 TORBARRIE,Transportation,23,483,21.0
83 JONES,Equipment,29,481,16.586206896551722
325 DON MILLS,Transportation,17,481,28.294117647058822
55 WARREN PARK,Equipment,22,480,21.818181818181817
74 MOUNT PLEASANT,Transportation,22,476,21.636363636363637
33 FOREST HILL,Equipment,18,471,26.166666666666668
41 KEELE,Safety/Security,40,457,11.425
90 VAUGHAN,Transportation,48,455,9.479166666666666
92 WOODBINE SOUTH,Equipment,31,453,14.612903225806452
40 JUNCTION-DUNDAS WES,Safety/Security,16,450,28.125
74 MT. PLEASANT,Transportation,10,447,44.7
339 FINCH EAST,Operations,13,444,34.15384615384615
135 GERRARD,Transportation,21,443,21.095238095238095
22 COXWELL,Transportation,44,442,10.045454545454545
184 ANCASTER PARK,Transportation,5,437,87.4
63 OSSINGTON,Safety/Security,45,436,9.688888888888888
49 BLOOR WEST,Equipment,18,431,23.944444444444443
24 VICTORIA PARK,Safety/Security,40,431,10.775
167 PHARMACY NORTH,Transportation,15,430,28.666666666666668
39B FINCH EAST,Operations,3,428,142.66666666666666
953 STEELES EAST EXPRE,Equipment,24,426,17.75
128 STANLEY GREENE,Operations,9,424,47.111111111111114
55 WARREN PARK,Transportation,17,412,24.235294117647058
202 CHERRY BEACH,Transportation,16,410,25.625
128 STANLEY GREENE,Equipment,18,402,22.333333333333332
334 EGLINTON EAST,Safety/Security,14,400,28.571428571428573
26 DUPONT,Safety/Security,14,400,28.571428571428573
25 DON MILLS,Safety/Security,37,396,10.702702702702704
66 PRINCE EDWARD,Safety/Security,17,392,23.058823529411764
332 EGLINTON WEST,Transportation,13,390,30.0
985 SHEPPARD EAST EXPR,Transportation,28,388,13.857142857142858
85 SHEPPARD EAST - A B,Operations,1,387,387.0
189 STOCKYARDS,Transportation,16,385,24.0625
93 PARKVIEW HILLS,Operations,10,385,38.5
954 LAWRENCE EAST EXPR,Equipment,39,384,9.846153846153847
900 AIRPORT ROCKET,Equipment,39,383,9.820512820512821
90 VAUGHAN,Equipment,37,380,10.27027027027027
125 DREWRY,Operations,23,378,16.434782608695652
51 LESLIE,Safety/Security,14,377,26.928571428571427
47,Operations,1,371,371.0
49 BLOOR WEST,Operations,12,368,30.666666666666668
77 SWANSEA,Transportation,21,366,17.428571428571427
38 HIGHLAND CREEK,Safety/Security,25,363,14.52
109 RANEE,Safety/Security,11,361,32.81818181818182
60 STEELES WEST,Safety/Security,31,359,11.580645161290322
171 MT. DENNIS,Operations,9,359,39.888888888888886
112 WEST MALL,Safety/Security,18,358,19.88888888888889
65 PARLIAMENT,Safety/Security,28,354,12.642857142857142
99 ARROW ROAD,Equipment,25,352,14.08
337 ISLINGTON,Operations,5,350,70.0
960 STEELES WEST EXPRE,Safety/Security,36,346,9.61111111111111
123 SHERWAY,Safety/Security,20,345,17.25
352 LAWRENCE WEST,Safety/Security,8,345,43.125
129 MCCOWAN NORTH,Safety/Security,17,343,20.176470588235293
69 WARDEN SOUTH,Safety/Security,16,342,21.375
133 NEILSON,Safety/Security,23,340,14.782608695652174
49 BLOOR WEST,Transportation,17,339,19.941176470588236
11 BAYVIEW,Safety/Security,17,339,19.941176470588236
73 ROYAL YORK,Safety/Security,17,334,19.647058823529413
64 MAIN,Safety/Security,23,334,14.521739130434783
87 COSBURN,Transportation,31,332,10.709677419354838
164 CASTLEFIELD,Operations,7,328,46.857142857142854
37B ISLINGTON,Operations,1,325,325.0
LINE 2 SHUTTLE,Operations,4,322,80.5
905 EGLINTON EAST EXPR,Safety/Security,23,311,13.521739130434783
132 MILNER,Equipment,13,310,23.846153846153847
968 WARDEN EXPRESS,Equipment,21,309,14.714285714285714
16 MCCOWAN,Safety/Security,26,307,11.807692307692308
88 SOUTH LEASIDE,Safety/Security,12,306,25.5
165 WESTON ROAD NORTH,Safety/Security,33,305,9.242424242424242
937 ISLINGTON EXPRESS,Transportation,23,305,13.26086956521739
77 SWANSEA,Equipment,24,303,12.625
954 LAWRENCE EAST EXPR,Transportation,30,299,9.966666666666667
944 KIPLING SOUTH EXPR,Operations,18,295,16.38888888888889
154 CURRAN HALL,Safety/Security,12,295,24.583333333333332
84 SHEPPARD WEST,Safety/Security,23,295,12.826086956521738
102D MARKHAM ROAD,Operations,2,293,146.5
74 MOUNT PLEASANT,Equipment,14,293,20.928571428571427
30 HIGH PARK,Operations,5,290,58.0
161 ROGERS ROAD,Safety/Security,15,290,19.333333333333332
904 SHEPPARD-KENNEDY E,Safety/Security,20,289,14.45
929 DUFFERIN EXPRESS,Safety/Security,32,288,9.0
307 BATHURST,Transportation,11,286,26.0
100 FLEMINGDON PARK,Safety/Security,34,284,8.352941176470589
903 KENNEDY SCARBOROUG,Safety/Security,23,283,12.304347826086957
34 EGLINTON EAST - C B,Operations,2,280,140.0
395 YORK MILLS,Operations,8,278,34.75
121 ESPLANADE-RIVER,Safety/Security,15,277,18.466666666666665
341 KEELE,Operations,5,276,55.2
201 BLUFFER'S PARK,Operations,7,276,39.42857142857143
126 CHRISTIE,Equipment,12,275,22.916666666666668
117 ALNESS-CHESSWOOD,Operations,5,272,54.4
57 MIDLAND,Safety/Security,14,270,19.285714285714285
110 ISLINGTON SOUTH,Safety/Security,12,269,22.416666666666668
74 MT. PLEASANT,Operations,9,268,29.77777777777778
Unknown,Equipment,16,266,16.625
9 BELLAMY,Safety/Security,11,266,24.181818181818183
125 DREWRY,Equipment,22,266,12.090909090909092
19 BAY,Safety/Security,11,266,24.181818181818183
97 YONGE (C BRANCH),Operations,1,265,265.0
511 BATHURST,Operations,2,262,131.0
935 JANE EXPRESS,Safety/Security,22,262,11.909090909090908
128 STANLEY GREENE,Transportation,11,261,23.727272727272727
82 ROSEDALE,Transportation,9,259,28.77777777777778
72 PAPE,Safety/Security,27,254,9.407407407407407
363 OSSINGTON,Transportation,8,253,31.625
70 O'CONNOR,Safety/Security,20,252,12.6
320 YONGE,Equipment,22,251,11.409090909090908
113 DANFORTH,Safety/Security,11,247,22.454545454545453
20 CLIFFSIDE,Safety/Security,11,246,22.363636363636363
164 CASTLEFIELD,Transportation,10,245,24.5
171 MT. DENNIS,Equipment,12,245,20.416666666666668
927 HIGHWAY 27 EXPRESS,Safety/Security,19,243,12.789473684210526
506 CARLTON,Operations,2,243,121.5
79 SCARLETT ROAD,Safety/Security,13,240,18.46153846153846
28 BAYVIEW,Operations,1,237,237.0
17 BIRCHMOUNT,Safety/Security,13,234,18.0
46 MARTIN GROVE,Safety/Security,11,233,21.181818181818183
944 KIPLING SOUTH EXPR,Equipment,26,232,8.923076923076923
307 BATHURST,Safety/Security,9,225,25.0
352 LAWRENCE WEST,Equipment,8,225,28.125
22 COXWELL,Safety/Security,20,221,11.05
LINE 1 SHUTTLE,Operations,5,216,43.2
925 DON MILLS EXPRESS,Safety/Security,21,215,10.238095238095237
329 DUFFERIN,Safety/Security,7,215,30.714285714285715
21 BRIMLEY,Safety/Security,9,215,23.88888888888889
132 MILNER,Transportation,9,214,23.77777777777778
168 SYMINGTON,Safety/Security,13,211,16.23076923076923
353 STEELES,Transportation,7,210,30.0
45 KIPLING,Safety/Security,15,208,13.866666666666667
189 STOCKYARDS,Equipment,8,207,25.875
80 QUEENSWAY,Safety/Security,9,201,22.333333333333332
336 FINCH WEST,Transportation,10,200,20.0
315 EVANS-BROWN'S LINE,Operations,2,200,100.0
92 WOODBINE SOUTH,Safety/Security,9,197,21.88888888888889
34C EGLINTON EAST,Operations,1,196,196.0
Unknown,Transportation,14,196,14.0
95 YORK MILLS/995 YORK,Operations,1,196,196.0
89/ / 989 WESTON,Operations,1,193,193.0
111 EAST MALL,Safety/Security,13,193,14.846153846153847
114 QUEENS QUAY EAST,Safety/Security,14,191,13.642857142857142
RAD,Operations,3,190,63.333333333333336
59 MAPLE LEAF,Safety/Security,7,189,27.0
365 PARLIAMENT,Operations,2,189,94.5
118 THISTLE DOWN,Safety/Security,8,188,23.5
968 WARDEN EXPRESS,Transportation,10,188,18.8
902 MARKHAM RD EXPRESS,Safety/Security,16,187,11.6875
82 ROSEDALE,Equipment,8,185,23.125
56 LEASIDE,Safety/Security,9,185,20.555555555555557
76 ROYAL YORK SOUTH,Safety/Security,16,184,11.5
30 HIGH PARK,Equipment,7,183,26.142857142857142
31 GREENWOOD,Safety/Security,13,183,14.076923076923077
131 NUGGET,Safety/Security,11,182,16.545454545454547
8 BROADVIEW,Safety/Security,8,182,22.75
93 PARKVIEW HILLS,Equipment,7,181,25.857142857142858
986 SCARBOROUGH EXPRES,Transportation,21,177,8.428571428571429
91 WOODBINE,Safety/Security,9,177,19.666666666666668
984 SHEPPARD WEST EXPR,Transportation,15,172,11.466666666666667
52B LAWRENCE WEST,Operations,1,171,171.0
996 WILSON EXPRESS,Safety/Security,17,171,10.058823529411764
999,Transportation,16,168,10.5
900 AIRPORT ROCKET,Transportation,18,167,9.277777777777779
71 RUNNYMEDE,Safety/Security,11,166,15.090909090909092
191 UNDERHILL,Equipment,8,165,20.625
103 MT. PLEASANT NORTH,Transportation,7,165,23.571428571428573
354 LAWRENCE EAST,Safety/Security,6,163,27.166666666666668
126 CHRISTIE,Safety/Security,6,162,27.0
600,Equipment,9,161,17.88888888888889
10 VAN HORNE,Equipment,6,157,26.166666666666668
354 LAWRENCE EAST,Transportation,6,157,26.166666666666668
108 DRIFTWOOD,Safety/Security,9,157,17.444444444444443
201 BLUFFER'S PARK,Transportation,9,151,16.77777777777778
191 UNDERHILL,Operations,6,150,25.0
343 KENNEDY,Safety/Security,5,150,30.0
322 COXWELL,Equipment,5,150,30.0
14 GLENCAIRN,Safety/Security,5,150,30.0
47 LANSDOWNE - A BRANC,Operations,1,150,150.0
386 SCARBOROUGH,Operations,1,150,150.0
334 EGLINTON EAST,Transportation,5,150,30.0
335 JANE,Safety/Security,7,150,21.428571428571427
184 ANCASTER PARK,Operations,5,150,30.0
117 BIRCHMOUNT SOUTH,Transportation,7,149,21.285714285714285
953 STEELES EAST EXPRE,Transportation,11,148,13.454545454545455
23 DAWES,Safety/Security,12,147,12.25
171 MT. DENNIS,Transportation,7,145,20.714285714285715
122 GRAYDON HALL,Safety/Security,11,145,13.181818181818182
135 GERRARD,Safety/Security,7,142,20.285714285714285
105 DUFFERIN NORTH,Safety/Security,8,142,17.75
320 YONGE,Transportation,23,141,6.130434782608695
336 FINCH WEST,Safety/Security,7,140,20.0
304 KING,Operations,1,137,137.0
44 KIPLING SOUTH,Safety/Security,14,133,9.5
307 BATHURST,Equipment,7,133,19.0
164 CASTLEFIELD,Equipment,5,131,26.2
42 CUMMER,Safety/Security,9,131,14.555555555555555
48 RATHBURN,Safety/Security,5,130,26.0
83 JONES,Safety/Security,8,130,16.25
939B FINCH EXPRESS,Operations,2,130,65.0
149,Operations,5,130,26.0
336 FINCH WEST,Equipment,8,130,16.25
995 YORK MILLS EXPRESS,Safety/Security,12,129,10.75
130 MIDDLEFIELD,Safety/Security,6,129,21.5
201 BLUFFER'S PARK,Equipment,7,127,18.142857142857142
98 WILLOWDALE-SENLAC,Safety/Security,6,126,21.0
115 SILVER HILLS,Operations,5,124,24.8
63,Operations,4,124,31.0
134 PROGRESS,Safety/Security,8,122,15.25
337 ISLINGTON,Equipment,5,122,24.4
395 YORK MILLS,Equipment,5,120,24.0
352 LAWRENCE WEST,Transportation,4,120,30.0
332 EGLINTON WEST,Equipment,4,120,30.0
10 VAN HORNE,Operations,4,120,30.0
167 PHARMACY NORTH,Safety/Security,4,120,30.0
87 COSBURN,Equipment,12,120,10.0
131,Operations,1,119,119.0
59 MAPLE LEAF (A-BRANC,Operations,1,119,119.0
900 AIRPORT EXPRESS,Safety/Security,11,116,10.545454545454545
989 WESTON EXPRESS,Safety/Security,8,116,14.5
149 ETOBICOKE BLOOR,Operations,4,115,28.75
952 LAWRENCE WEST EXPR,Safety/Security,9,112,12.444444444444445
160 BATHURST NORTH,Safety/Security,4,110,27.5
339 FINCH EAST,Transportation,5,110,22.0
67 PHARMACY,Safety/Security,7,108,15.428571428571429
61 AVENUE ROAD NORTH,Safety/Security,5,107,21.4
30 HIGH PARK,Transportation,5,106,21.2
353 STEELES,Safety/Security,4,105,26.25
93 PARKVIEW HILLS,Safety/Security,4,105,26.25
13 AVENUE ROAD,Safety/Security,4,105,26.25
395 YORK MILLS,Safety/Security,4,105,26.25
10 VAN HORNE,Transportation,4,101,25.25
325 DON MILLS,Equipment,4,101,25.25
115 SILVER HILLS,Transportation,4,100,25.0
124 SUNNYBROOK,Safety/Security,7,100,14.285714285714286
200 TORONTO ZOO,Equipment,5,100,20.0
354 LAWRENCE EAST,Equipment,4,100,25.0
30 HIGH PARK NORTH,Safety/Security,4,100,25.0
335 JANE,Transportation,5,100,20.0
184 ANCASTER PARK,Equipment,4,98,24.5
74 MT. PLEASANT,Equipment,5,98,19.6
900 AIRPORT ROCKET,Safety/Security,8,96,12.0
87 COSBURN,Safety/Security,9,95,10.555555555555555
115 SILVER HILLS,Equipment,4,95,23.75
99 ARROW ROAD,Transportation,6,94,15.666666666666666
106 SENTINEL,Safety/Security,6,94,15.666666666666666
191 UNDERHILL,Transportation,4,94,23.5
49 BLOOR WEST,Safety/Security,5,93,18.6
90 VAUGHAN,Safety/Security,7,93,13.285714285714286
33 FOREST HILL,Safety/Security,4,93,23.25
329 DUFFERIN,Equipment,6,93,15.5
09 BELLAMY,Operations,1,92,92.0
307 BATHURST NIGHT BUS,Operations,1,91,91.0
55 WARREN PARK,Safety/Security,3,90,30.0
101 DOWNSVIEW PARK,Safety/Security,3,90,30.0
302 KINGSTON ROAD-MCCO,Equipment,3,90,30.0
329 DUFFERIN,Transportation,3,90,30.0
324 VICTORIA PARK,Transportation,2,90,45.0
24B VICTORIA PARK,Operations,1,89,89.0
202 CHERRY BEACH,Safety/Security,4,89,22.25
99,Operations,1,88,88.0
149,Equipment,4,87,21.75
365 PARLIAMENT,Transportation,3,80,26.666666666666668
200 TORONTO ZOO,Transportation,4,80,20.0
501 QUEEN,Operations,2,79,39.5
117 BIRCHMOUNT SOUTH,Equipment,4,79,19.75
384 SHEPPARD WEST,Operations,2,75,37.5
202 CHERRY BEACH,Equipment,4,75,18.75
78 ST. ANDREWS,Safety/Security,3,75,25.0
120 CALVINGTON,Safety/Security,3,75,25.0
149 ETOBICOKE BLOOR,Equipment,3,75,25.0
189 STOCKYARDS,Safety/Security,3,74,24.666666666666668
52 LAWRENCE WEST & 952,Operations,1,73,73.0
954 LAWRENCE EAST EXPR,Safety/Security,4,73,18.25
166 TORYORK,Equipment,3,72,24.0
127 DAVENPORT,Safety/Security,3,71,23.666666666666668
185 SHEPPARD CENTRAL,Safety/Security,3,70,23.333333333333332
341 KEELE,Safety/Security,3,70,23.333333333333332
343 KENNEDY,Equipment,3,70,23.333333333333332
945 KIPLING EXPRESS,Safety/Security,6,70,11.666666666666666
15 EVANS,Safety/Security,3,68,22.666666666666668
332 EGLINTON WEST,Safety/Security,3,67,22.333333333333332
999,Equipment,6,67,11.166666666666666
944 KIPLING SOUTH EXPR,Transportation,9,66,7.333333333333333
125 DREWRY,Safety/Security,4,65,16.25
385 SHEPPARD EAST,Equipment,3,65,21.666666666666668
504,Transportation,8,65,8.125
62 MORTIMER,Safety/Security,3,63,21.0
129 MCCOWAN NORTH (A-B,Operations,1,61,61.0
337 ISLINGTON,Safety/Security,2,60,30.0
302 KINGSTON ROAD-MCCO,Transportation,2,60,30.0
365 PARLIAMENT,Safety/Security,2,60,30.0
504 KING,Transportation,6,60,10.0
341 KEELE,Equipment,2,60,30.0
340 JUNCTION,Transportation,2,60,30.0
396 WILSON,Transportation,3,60,20.0
504 KING,Equipment,7,60,8.571428571428571
322 COXWELL,Safety/Security,2,60,30.0
169 HUNTINGWOOD,Safety/Security,2,60,30.0
302 KINGSTON ROAD-MCCO,Safety/Security,2,60,30.0
325 DON MILLS,Safety/Security,2,60,30.0
353 STEELES,Equipment,2,60,30.0
384 SHEPPARD WEST,Safety/Security,2,60,30.0
385 SHEPPARD EAST,Transportation,2,60,30.0
999,Operations,5,58,11.6
132 MILNER,Safety/Security,2,58,29.0
84 SHEPPARD WEST 984,Operations,1,57,57.0
149 ETOBICOKE - BLOOR,Equipment,2,55,27.5
504 KING,Operations,6,55,9.166666666666666
363 OSSINGTON,Safety/Security,2,55,27.5
29 DUFFERIN / 929 DUFF,Operations,1,54,54.0
119 TORBARRIE,Safety/Security,3,53,17.666666666666668
104 FAYWOOD,Safety/Security,3,52,17.333333333333332
600 RAD,Equipment,4,52,13.0
937 ISLINGTON EXPRESS,Safety/Security,4,51,12.75
50 BURNHAMTHORPE,Safety/Security,3,51,17.0
322 COXWELL,Transportation,2,50,25.0
504,Operations,4,50,12.5
82 ROSEDALE,Safety/Security,2,50,25.0
149 ETOBICOKE - BLOOR,Operations,2,50,25.0
149 ETOBICOKE - BLOOR,Transportation,2,50,25.0
Unknown,Safety/Security,5,49,9.8
960,Operations,2,49,24.5
927D  HIGHWAY 27 EXPRE,Operations,1,48,48.0
28 BAYVIEW SOUTH,Transportation,2,48,24.0
600,Transportation,6,47,7.833333333333333
1202,Equipment,2,46,23.0
924 VICTORIA PARK EXPR,Safety/Security,4,45,11.25
103 MT. PLEASANT NORTH,Equipment,2,45,22.5
938 HIGHLAND CREEK EXP,Equipment,3,45,15.0
115 SILVER HILLS,Safety/Security,1,44,44.0
SHUTTLE BUS,Operations,3,43,14.333333333333334
117 ALNESS-CHESSWOOD,Equipment,2,42,21.0
117 ALNESS-CHESSWOOD,Transportation,2,42,21.0
396 WILSON,Equipment,2,40,20.0
52,Operations,2,40,20.0
339 FINCH EAST,Safety/Security,2,40,20.0
BD,Safety/Security,2,40,20.0
503 KINGSTON ROAD,Operations,2,39,19.5
37 ISLINGTON (A-BRANCH,Operations,1,38,38.0
509 HARBOURFRONT,Equipment,4,37,9.25
929 DUFFERIN,Operations,1,37,37.0
337 ISLINGTON,Transportation,2,37,18.5
28 BAYVIEW SOUTH,Equipment,2,36,18.0
32 EGLINTON EAST,Operations,1,36,36.0
32C EGLINTON WEST,Operations,1,35,35.0
107 YORK UNIVERSITY HE,Safety/Security,1,35,35.0
393,Operations,1,35,35.0
512 ST. CLAIR,Operations,1,35,35.0
RAD,Equipment,2,34,17.0
511 BATHURST,Transportation,3,33,11.0
304,Operations,1,32,32.0
512 ST. CLAIR,Safety/Security,2,31,15.5
503 KINGSTON ROAD,Equipment,4,31,7.75
123C SHERWAY,Operations,1,30,30.0
14 GLENCAIRN / 28 BAYV,Transportation,1,30,30.0
14 GLENCAIRN/ 28,Transportation,1,30,30.0
337 EVANS,Safety/Security,1,30,30.0
363 OSSINGTON,Equipment,1,30,30.0
102,Equipment,1,30,30.0
79A SCARLETT ROAD,Operations,1,30,30.0
162 LAWRENCE-DONWAY,Safety/Security,1,30,30.0
10 VAN HORNE,Safety/Security,1,30,30.0
315 EVANS-BROWN'S LINE,Safety/Security,1,30,30.0
340 JUNCTION,Equipment,1,30,30.0
149 ETOBICOKE- BLOOR,Operations,1,30,30.0
149 ETOBICOKE-BLOOR,Safety/Security,1,30,30.0
149 ETOBICOKE,Equipment,1,30,30.0
340 JUNCTION,Operations,1,30,30.0
368,Transportation,1,30,30.0
384 SHEPPARD WEST,Equipment,1,30,30.0
341 KEELE,Transportation,2,30,15.0
395 YORK MILLS,Transportation,1,30,30.0
117 BIRCHMOUNT SOUTH,Safety/Security,2,30,15.0
324 VICTORIA PARK,Safety/Security,1,30,30.0
334 EGLINTON EAST,Equipment,1,30,30.0
511,Operations,3,28,9.333333333333334
512,Operations,2,27,13.5
506,Safety/Security,1,26,26.0
149 ETOBICOKE BLOOR,Transportation,1,25,25.0
200 TORONTO ZOO,Operations,1,25,25.0
97B YONGE,Operations,1,25,25.0
149,Safety/Security,1,25,25.0
149 - ETOBICOKE-BLOOR,Equipment,1,25,25.0
77 SWANSEA,Safety/Security,2,25,12.5
166 TORYORK,Transportation,1,25,25.0
164 CASTELFIELD,Transportation,1,25,25.0
94A WELLESLEY,Operations,1,25,25.0
986 SCARBOROUGH EXPRES,Safety/Security,2,24,12.0
79B SCARLETT ROAD,Operations,1,24,24.0
501 QUEEN,Transportation,1,24,24.0
LINE 2,Operations,2,23,11.5
600,Operations,4,23,5.75
953 STEELES EAST EXPRE,Safety/Security,2,23,11.5
08,Equipment,1,22,22.0
123 SHERWAY - F,Operations,1,22,22.0
30 HIGH PARK,Safety/Security,1,22,22.0
201 BLUFFER'S PARK,Safety/Security,1,22,22.0
14,Equipment,1,22,22.0
39C FINCH EAST,Transportation,1,21,21.0
503,Transportation,3,21,7.0
165,Operations,1,20,20.0
89,Transportation,2,20,10.0
501,Operations,2,20,10.0
47,Equipment,1,20,20.0
52,Equipment,1,20,20.0
511 BATHURST,Safety/Security,1,20,20.0
128 STANLEY GREENE,Safety/Security,1,20,20.0
BD,Operations,1,20,20.0
503 KINGSTON ROAD,Transportation,2,20,10.0
504,Safety/Security,2,20,10.0
307 BATHURST NIGHT,Transportation,1,20,20.0
339 FINCH EAST,Equipment,1,20,20.0
203,Operations,1,20,20.0
28 BAYVIEW SOUTH,Safety/Security,1,19,19.0
147,Transportation,1,19,19.0
85 SHEPPARD EAST / 985,Operations,1,18,18.0
503 KINGSTON,Equipment,2,18,9.0
69,Equipment,1,18,18.0
37 ISLINGTON,Infrastructure,1,18,18.0
439,Equipment,1,18,18.0
968 WARDEN EXPRESS,Safety/Security,1,18,18.0
99 ARROW ROAD,Safety/Security,1,18,18.0
504,Equipment,3,18,6.0
984 SHEPPARD WEST EXPR,Safety/Security,2,17,8.5
124,Equipment,1,17,17.0
510 SPADINA,Transportation,3,17,5.666666666666667
504 KING,Safety/Security,1,17,17.0
96,Transportation,1,16,16.0
106 SENTIAL,Transportation,1,15,15.0
385 SHEPPARD EAST,Safety/Security,1,15,15.0
941 KEELE EXPRESS,Safety/Security,1,15,15.0
134,Transportation,1,15,15.0
938 HIGHLAND CREEK EXP,Transportation,1,15,15.0
9535,Operations,1,15,15.0
77 SWANSEA (LINE 2 SHU,Operations,1,15,15.0
999 (33 FOREST HILL),Transportation,1,15,15.0
149,Transportation,1,15,15.0
301,Safety/Security,1,15,15.0
825,Operations,1,15,15.0
32A EGLINTON WEST,Operations,1,14,14.0
306 COLLEGE NIGHT,Operations,1,14,14.0
953 STEELES EXPRESS,Transportation,1,13,13.0
827,Transportation,1,13,13.0
111,Equipment,1,12,12.0
133,Equipment,1,12,12.0
510,Operations,1,12,12.0
114,Transportation,1,12,12.0
3935,Transportation,1,12,12.0
9252,Transportation,1,12,12.0
985 SHEPPARD EAST EXPR,Safety/Security,1,12,12.0
9985,Transportation,1,12,12.0
9020,Operations,1,12,12.0
938 HIGHLAND CREEK EXP,Safety/Security,1,11,11.0
510 SPADINA,Operations,2,11,5.5
806,Equipment,1,10,10.0
1 LINE SHUTTLE,Operations,1,10,10.0
9984,Equipment,1,10,10.0
100 FLEMINGDON PARK (6,Safety/Security,1,10,10.0
52,Transportation,1,10,10.0
32 EGLINTON WEST (RAD),Transportation,1,10,10.0
600 RAD,Transportation,1,10,10.0
7107,Transportation,1,10,10.0
999,Safety/Security,1,10,10.0
203 HIGH PARK,Transportation,1,10,10.0
102 MARKHAM RD,Transportation,1,10,10.0
9984,Operations,1,10,10.0
YU,Equipment,1,10,10.0
LINE 1 SHUTTLE,Equipment,2,10,5.0
444,Equipment,1,10,10.0
TRAINING BUS,Transportation,1,10,10.0
503 KINGSTON ROAD,Safety/Security,1,10,10.0
47 LANSDOWNE (RAD BUS),Transportation,1,10,10.0
506,Equipment,1,10,10.0
503,Safety/Security,1,10,10.0
506 CARLTON,Safety/Security,1,10,10.0
506,Transportation,1,10,10.0
506 SHUTTLE,Transportation,1,10,10.0
510,Equipment,1,10,10.0
507,Transportation,1,10,10.0
9484,Equipment,1,10,10.0
88 SHOUTH LEASIDE,Operations,1,10,10.0
929,Safety/Security,1,10,10.0
939 FINCH EAST,Operations,1,10,10.0
505 DUNDAS,Safety/Security,1,10,10.0
511,Transportation,1,10,10.0
509 HARBOURFRONT,Operations,1,10,10.0
512 ST CLAIR,Operations,1,10,10.0
35 JANE - B BRANCH,Transportation,1,10,10.0
929 DUFFERIN EXPRESS (,Transportation,1,10,10.0
513 QUEEN EAST,Safety/Security,1,10,10.0
511,Equipment,1,10,10.0
511 BATHURST,Equipment,1,10,10.0
505,Safety/Security,1,10,10.0
505 DUNDAS,Transportation,1,10,10.0
534,Transportation,1,9,9.0
305,Transportation,1,8,8.0
29 DUFFERIN EXPRESS,Operations,1,8,8.0
86,Safety/Security,1,8,8.0
929 DUFFERIN EXPRESS -,Transportation,1,8,8.0
929 DUFFERIN,Safety/Security,1,8,8.0
506,Operations,1,8,8.0
944 KIPLING SOUTH EXPR,Safety/Security,1,8,8.0
41,Operations,1,8,8.0
LINE 2 SHUTTLE BUS,Operations,1,8,8.0
116,Equipment,1,7,7.0
94 WELLESLEY - STATION,Transportation,1,7,7.0
935,Safety/Security,1,7,7.0
1 SHUTTLE,Operations,1,7,7.0
100,Operations,1,6,6.0
956,Operations,1,6,6.0
945 KIPLING,Safety/Security,1,6,6.0
509 HARBOURFRONT,Transportation,1,6,6.0
LINE 1 SHUTTLE,Transportation,1,5,5.0
LINE 2 SHUTTLE,Equipment,1,5,5.0
9129,Equipment,1,5,5.0
600 RAD,Safety/Security,1,5,5.0
705,Transportation,1,5,5.0
600 SERIES,Equipment,1,5,5.0
LINE 2 SHUTTLE,Safety/Security,1,5,5.0
LINE 1 SHUTTLE,Safety/Security,1,5,5.0
94 WELLESLEY,Infrastructure,1,5,5.0
506 REPLACEMENT,Transportation,1,5,5.0
501 QUEEN,Equipment,1,5,5.0
506 SHUTTLE BUS,Operations,1,5,5.0
500,Operations,1,5,5.0
503 KINGSTON RD,Operations,1,5,5.0
500 (512 ST CLAIR),Operations,1,5,5.0
500,Safety/Security,1,5,5.0
RAD 600,Operations,1,5,5.0
999 RAD,Equipment,1,5,5.0
